{
  "hash": "11ffbd2d",
  "configHash": "1e5f1b05",
  "lockfileHash": "0038116c",
  "browserHash": "53a75308",
  "optimized": {
    "@angular/common": {
      "src": "../../../../../node_modules/@angular/common/fesm2022/common.mjs",
      "file": "@angular_common.js",
      "fileHash": "cfdcde73",
      "needsInterop": false
    },
    "@angular/common/http": {
      "src": "../../../../../node_modules/@angular/common/fesm2022/http.mjs",
      "file": "@angular_common_http.js",
      "fileHash": "c94d3e1b",
      "needsInterop": false
    },
    "@angular/core": {
      "src": "../../../../../node_modules/@angular/core/fesm2022/core.mjs",
      "file": "@angular_core.js",
      "fileHash": "acf331d8",
      "needsInterop": false
    },
    "@angular/forms": {
      "src": "../../../../../node_modules/@angular/forms/fesm2022/forms.mjs",
      "file": "@angular_forms.js",
      "fileHash": "e821976f",
      "needsInterop": false
    },
    "@angular/platform-browser": {
      "src": "../../../../../node_modules/@angular/platform-browser/fesm2022/platform-browser.mjs",
      "file": "@angular_platform-browser.js",
      "fileHash": "d07c384a",
      "needsInterop": false
    },
    "@angular/router": {
      "src": "../../../../../node_modules/@angular/router/fesm2022/router.mjs",
      "file": "@angular_router.js",
      "fileHash": "f3505e1a",
      "needsInterop": false
    },
    "sweetalert2": {
      "src": "../../../../../node_modules/sweetalert2/dist/sweetalert2.all.js",
      "file": "sweetalert2.js",
      "fileHash": "d75e74af",
      "needsInterop": true
    },
    "rxjs": {
      "src": "../../../../../node_modules/rxjs/dist/esm5/index.js",
      "file": "rxjs.js",
      "fileHash": "224685b7",
      "needsInterop": false
    },
    "rxjs/operators": {
      "src": "../../../../../node_modules/rxjs/dist/esm5/operators/index.js",
      "file": "rxjs_operators.js",
      "fileHash": "eb84af8d",
      "needsInterop": false
    }
  },
  "chunks": {
    "chunk-VUTKMWUM": {
      "file": "chunk-VUTKMWUM.js"
    },
    "chunk-OJSHLQ5I": {
      "file": "chunk-OJSHLQ5I.js"
    },
    "chunk-JQJUESNY": {
      "file": "chunk-JQJUESNY.js"
    },
    "chunk-UPB6BSOK": {
      "file": "chunk-UPB6BSOK.js"
    },
    "chunk-MOY5LPCH": {
      "file": "chunk-MOY5LPCH.js"
    },
    "chunk-MJQNUHK2": {
      "file": "chunk-MJQNUHK2.js"
    },
    "chunk-SAI3DHVA": {
      "file": "chunk-SAI3DHVA.js"
    },
    "chunk-WKYGNSYM": {
      "file": "chunk-WKYGNSYM.js"
    }
  }
}